Record_Type;VME_Type;VME_Group;VME_Indicator_Species;Latitude;Longitude
VME_Indicator_Record;Adeonella_VME_Indicator;Bryozoan_patches;Adeonella_spp.;-31.90307;16.79582
VME_Indicator_Record;Adeonella_VME_Indicator;Bryozoan_patches;Adeonella_spp.;-31.53938;16.3875
VME_Indicator_Record;Adeonella_VME_Indicator;Bryozoan_patches;Adeonella_spp.;-30.22987;15.84185
VME_Indicator_Record;Adeonella_VME_Indicator;Bryozoan_patches;Adeonella_spp.;-30.08315;15.56982
VME_Indicator_Record;Adeonella_VME_Indicator;Bryozoan_patches;Adeonella_spp.;-34.98083;21.61435
VME_Indicator_Record;Adeonella_VME_Indicator;Bryozoan_patches;Adeonella_spp.;-34.98083;21.61435
VME_Indicator_Record;Adeonella_VME_Indicator;Bryozoan_patches;Adeonella_spp.;-34.9582;20.45685
VME_Indicator_Record;Adeonella_VME_Indicator;Bryozoan_patches;Adeonella_spp.;-30.3801;15.735
VME_Indicator_Record;Adeonella_VME_Indicator;Bryozoan_patches;Adeonella_spp.;-30.2306;15.8417
VME_Indicator_Record;Adeonella_VME_Indicator;Bryozoan_patches;Adeonella_spp.;-33.3937;17.7105
VME_Indicator_Record;Adeonella_VME_Indicator;Bryozoan_patches;Adeonella_spp.;-29.8747;15.191
VME_Indicator_Record;Adeonella_VME_Indicator;Bryozoan_patches;Adeonella_spp.;-30.884;15.9663
VME_Indicator_Record;Adeonella_VME_Indicator;Bryozoan_patches;Adeonella_spp.;-31.014;16.4498
VME_Indicator_Record;Adeonella_VME_Indicator;Bryozoan_patches;Adeonella_spp.;-30.53573;16.20253
VME_Indicator_Record;Adeonella_VME_Indicator;Bryozoan_patches;Adeonella_spp.;-30.62922;16.26833
VME_Indicator_Record;Adeonella_VME_Indicator;Bryozoan_patches;Adeonella_spp.;-30.79868;16.57722
VME_Indicator_Record;Adeonella_VME_Indicator;Bryozoan_patches;Adeonella_spp.;-31.23218;16.48365
VME_Indicator_Record;Adeonella_VME_Indicator;Bryozoan_patches;Adeonella_spp.;-30.26447;15.9767
VME_Indicator_Record;Adeonella_VME_Indicator;Bryozoan_patches;Adeonella_spp.;-30.18348;15.35617
VME_Indicator_Record;Adeonella_VME_Indicator;Bryozoan_patches;Adeonella_spp.;-30.06883;15.09075
VME_Indicator_Record;Adeonella_VME_Indicator;Bryozoan_patches;Adeonella_spp.;-29.75245;15.27228
VME_Indicator_Record;Adeonella_VME_Indicator;Bryozoan_patches;Adeonella_spp.;-35.63325;21.54878
VME_Indicator_Record;Adeonella_VME_Indicator;Bryozoan_patches;Adeonella_spp.;-29.9915657;15.47621632
VME_Indicator_Record;Adeonella_VME_Indicator;Bryozoan_patches;Adeonella_spp.;-30.16428375;15.82313347
VME_Indicator_Record;Adeonella_VME_Indicator;Bryozoan_patches;Adeonella_spp.;-30.88573265;16.56938362
VME_Indicator_Record;Adeonella_VME_Indicator;Bryozoan_patches;Adeonella_spp.;-30.98633385;16.23046684
VME_Indicator_Record;Adeonella_VME_Indicator;Bryozoan_patches;Adeonella_spp.;-31.91376686;16.7730999
VME_Indicator_Record;Aspidostoma_VME_Indicator;Bryozoan_patches;Aspidostoma_sp._1;-36.33123;20.9979
VME_Indicator_Record;Aspidostoma_VME_Indicator;Bryozoan_patches;Aspidostoma_sp._1;-34.5855;22.6182
VME_Indicator_Record;Aspidostoma_VME_Indicator;Bryozoan_patches;Aspidostoma_sp._1;-35.63325;21.54878
VME_Indicator_Record;Aspidostoma_VME_Indicator;Bryozoan_patches;Aspidostoma_sp._1;-35.61633;21.93422
VME_Indicator_Record;Aspidostoma_VME_Indicator;Bryozoan_patches;Aspidostoma_sp._1;-34.2433;25.62268
VME_Indicator_Record;Aspidostoma_VME_Indicator;Bryozoan_patches;Aspidostoma_sp._1;-35.6555;22.0363
VME_Indicator_Record;Aspidostoma_VME_Indicator;Bryozoan_patches;Aspidostoma_sp._1;-36.0542;21.3792
VME_Indicator_Record;Aspidostoma_VME_Indicator;Bryozoan_patches;Aspidostoma_sp._1;-36.04393;21.36567
VME_Indicator_Record;Aspidostoma_VME_Indicator;Bryozoan_patches;Aspidostoma_sp._1;-36.20702;21.21182
VME_Indicator_Record;Aspidostoma_VME_Indicator;Bryozoan_patches;Aspidostoma_sp._1;-36.3684;21.04727
VME_Indicator_Record;Aspidostoma_VME_Indicator;Bryozoan_patches;Aspidostoma_sp._1;-36.33202;20.99757
VME_Indicator_Record;Aspidostoma_VME_Indicator;Bryozoan_patches;Aspidostoma_sp._1;-35.95832;20.55803
VME_Indicator_Record;Aspidostoma_VME_Indicator;Bryozoan_patches;Aspidostoma_sp._1;-34.42473;22.95377
VME_Indicator_Record;Aspidostoma_VME_Indicator;Bryozoan_patches;Aspidostoma_sp._1;-34.42473;22.95377
VME_Indicator_Record;Phidoloporidae_VME_Indicator;Bryozoan_patches;Phidoloporidae_spp.;-29.72607;15.15013
VME_Indicator_Record;Phidoloporidae_VME_Indicator;Bryozoan_patches;Phidoloporidae_spp.;-31.15458;16.88317
VME_Indicator_Record;Phidoloporidae_VME_Indicator;Bryozoan_patches;Phidoloporidae_spp.;-36.33123;20.9979
VME_Indicator_Record;Phidoloporidae_VME_Indicator;Bryozoan_patches;Phidoloporidae_spp.;-34.4229;22.88298
VME_Indicator_Record;Phidoloporidae_VME_Indicator;Bryozoan_patches;Phidoloporidae_spp.;-34.40685;23.1255
VME_Indicator_Record;Phidoloporidae_VME_Indicator;Bryozoan_patches;Phidoloporidae_spp.;-34.9582;20.45685
VME_Indicator_Record;Phidoloporidae_VME_Indicator;Bryozoan_patches;Phidoloporidae_spp.;-35.56583;21.54538
VME_Indicator_Record;Phidoloporidae_VME_Indicator;Bryozoan_patches;Phidoloporidae_spp.;-34.8042;21.3177
VME_Indicator_Record;Phidoloporidae_VME_Indicator;Bryozoan_patches;Phidoloporidae_spp.;-33.7492;26.6978
VME_Indicator_Record;Phidoloporidae_VME_Indicator;Bryozoan_patches;Phidoloporidae_spp.;-33.9257;26.4948
VME_Indicator_Record;Phidoloporidae_VME_Indicator;Bryozoan_patches;Phidoloporidae_spp.;-34.2412;25.6342
VME_Indicator_Record;Phidoloporidae_VME_Indicator;Bryozoan_patches;Phidoloporidae_spp.;-34.3183;23.3112
VME_Indicator_Record;Phidoloporidae_VME_Indicator;Bryozoan_patches;Phidoloporidae_spp.;-34.2625;23.0728
VME_Indicator_Record;Phidoloporidae_VME_Indicator;Bryozoan_patches;Phidoloporidae_spp.;-34.6312;22.7603
VME_Indicator_Record;Phidoloporidae_VME_Indicator;Bryozoan_patches;Phidoloporidae_spp.;-29.8747;15.191
VME_Indicator_Record;Phidoloporidae_VME_Indicator;Bryozoan_patches;Phidoloporidae_spp.;-30.6218;16.2842
VME_Indicator_Record;Phidoloporidae_VME_Indicator;Bryozoan_patches;Phidoloporidae_spp.;-34.61583;18.923
VME_Indicator_Record;Phidoloporidae_VME_Indicator;Bryozoan_patches;Phidoloporidae_spp.;-30.62922;16.26833
VME_Indicator_Record;Phidoloporidae_VME_Indicator;Bryozoan_patches;Phidoloporidae_spp.;-31.07537;16.08455
VME_Indicator_Record;Phidoloporidae_VME_Indicator;Bryozoan_patches;Phidoloporidae_spp.;-30.2792;16.37547
VME_Indicator_Record;Phidoloporidae_VME_Indicator;Bryozoan_patches;Phidoloporidae_spp.;-29.75245;15.27228
VME_Indicator_Record;Phidoloporidae_VME_Indicator;Bryozoan_patches;Phidoloporidae_spp.;-29.87483;15.4575
VME_Indicator_Record;Phidoloporidae_VME_Indicator;Bryozoan_patches;Phidoloporidae_spp.;-30.234;15.86017
VME_Indicator_Record;Phidoloporidae_VME_Indicator;Bryozoan_patches;Phidoloporidae_spp.;-36.3375;21.0035
VME_Indicator_Record;Phidoloporidae_VME_Indicator;Bryozoan_patches;Phidoloporidae_spp.;-35.6995;20.86767
VME_Indicator_Record;Phidoloporidae_VME_Indicator;Bryozoan_patches;Phidoloporidae_spp.;-35.60333;20.88
VME_Indicator_Record;Phidoloporidae_VME_Indicator;Bryozoan_patches;Phidoloporidae_spp.;-34.7935;21.204
VME_Indicator_Record;Phidoloporidae_VME_Indicator;Bryozoan_patches;Phidoloporidae_spp.;-34.314;23.5535
VME_Indicator_Record;Phidoloporidae_VME_Indicator;Bryozoan_patches;Phidoloporidae_spp.;-34.28633;24.9315
VME_Indicator_Record;Phidoloporidae_VME_Indicator;Bryozoan_patches;Phidoloporidae_spp.;-34.84933;22.52333
VME_Indicator_Record;Phidoloporidae_VME_Indicator;Bryozoan_patches;Phidoloporidae_spp.;-36.059;21.38433
VME_Indicator_Record;Phidoloporidae_VME_Indicator;Bryozoan_patches;Phidoloporidae_spp.;-34.996;19.571
VME_Indicator_Record;Phidoloporidae_VME_Indicator;Bryozoan_patches;Phidoloporidae_spp.;-35.9045;20.76283
VME_Indicator_Record;Phidoloporidae_VME_Indicator;Bryozoan_patches;Phidoloporidae_spp.;-34.925;20.70117
VME_Indicator_Record;Phidoloporidae_VME_Indicator;Bryozoan_patches;Phidoloporidae_spp.;-34.68433;21.28067
VME_Indicator_Record;Phidoloporidae_VME_Indicator;Bryozoan_patches;Phidoloporidae_spp.;-36.57467;20.6325
VME_Indicator_Record;Phidoloporidae_VME_Indicator;Bryozoan_patches;Phidoloporidae_spp.;-36.37067;21.0475
VME_Indicator_Record;Phidoloporidae_VME_Indicator;Bryozoan_patches;Phidoloporidae_spp.;-35.86483;21.22817
VME_Indicator_Record;Phidoloporidae_VME_Indicator;Bryozoan_patches;Phidoloporidae_spp.;-35.17617;21.82517
VME_Indicator_Record;Phidoloporidae_VME_Indicator;Bryozoan_patches;Phidoloporidae_spp.;-34.64017;22.9615
VME_Indicator_Record;Phidoloporidae_VME_Indicator;Bryozoan_patches;Phidoloporidae_spp.;-34.6805;22.51983
VME_Indicator_Record;Phidoloporidae_VME_Indicator;Bryozoan_patches;Phidoloporidae_spp.;-34.9965;22.06667
VME_Indicator_Record;Phidoloporidae_VME_Indicator;Bryozoan_patches;Phidoloporidae_spp.;-36.5718;21.11565
VME_Indicator_Record;Phidoloporidae_VME_Indicator;Bryozoan_patches;Phidoloporidae_spp.;-35.63325;21.54878
VME_Indicator_Record;Phidoloporidae_VME_Indicator;Bryozoan_patches;Phidoloporidae_spp.;-34.70075;23.10113
VME_Indicator_Record;Phidoloporidae_VME_Indicator;Bryozoan_patches;Phidoloporidae_spp.;-34.4152;23.17753
VME_Indicator_Record;Phidoloporidae_VME_Indicator;Bryozoan_patches;Phidoloporidae_spp.;-35.0777;23.50213
VME_Indicator_Record;Phidoloporidae_VME_Indicator;Bryozoan_patches;Phidoloporidae_spp.;-34.2433;25.62268
VME_Indicator_Record;Phidoloporidae_VME_Indicator;Bryozoan_patches;Phidoloporidae_spp.;-34.23073;23.61283
VME_Indicator_Record;Phidoloporidae_VME_Indicator;Bryozoan_patches;Phidoloporidae_spp.;-34.26162;22.86038
VME_Indicator_Record;Phidoloporidae_VME_Indicator;Bryozoan_patches;Phidoloporidae_spp.;-34.2018;23.08458
VME_Indicator_Record;Phidoloporidae_VME_Indicator;Bryozoan_patches;Phidoloporidae_spp.;-34.15485;22.81037
VME_Indicator_Record;Phidoloporidae_VME_Indicator;Bryozoan_patches;Phidoloporidae_spp.;-30.88573265;16.56938362
VME_Indicator_Record;Phidoloporidae_VME_Indicator;Bryozoan_patches;Phidoloporidae_spp.;-33.892;26.6167
VME_Indicator_Record;Rossella_VME_Indicator;Glass_sponge_grounds;Rossella_antarctica;-32.64617;16.89667
VME_Indicator_Record;Rossella_VME_Indicator;Glass_sponge_grounds;Rossella_antarctica;-30.38817;16.1255
VME_Indicator_Record;Rossella_VME_Indicator;Glass_sponge_grounds;Rossella_antarctica;-30.71647;16.7417
VME_Indicator_Record;Rossella_VME_Indicator;Glass_sponge_grounds;Rossella_antarctica;-30.79868;16.57722
VME_Indicator_Record;Rossella_VME_Indicator;Glass_sponge_grounds;Rossella_antarctica;-31.07537;16.08455
VME_Indicator_Record;Rossella_VME_Indicator;Glass_sponge_grounds;Rossella_antarctica;-31.1535;16.8828
VME_Indicator_Record;Rossella_VME_Indicator;Glass_sponge_grounds;Rossella_antarctica;-30.70369911;16.64900017
VME_Indicator_Record;Rossella_VME_Indicator;Glass_sponge_grounds;Rossella_antarctica;-32.8325;17.1108
VME_Indicator_Record;Rossella_VME_Indicator;Glass_sponge_grounds;Rossella_antarctica;-31.67933;16.3855
VME_Indicator_Record;Rossella_VME_Indicator;Glass_sponge_grounds;Rossella_antarctica;-32.0785;16.49433
VME_Indicator_Record;Rossella_VME_Indicator;Glass_sponge_grounds;Rossella_antarctica;-30.88573265;16.56938362
VME_Indicator_Record;Rossella_VME_Indicator;Glass_sponge_grounds;Rossella_antarctica;-32.80178452;17.09625053
VME_Indicator_Record;Rossella_VME_Indicator;Glass_sponge_grounds;Rossella_antarctica;-30.4220829;16.48886681
VME_Indicator_Record;Rossella_VME_Indicator;Glass_sponge_grounds;Rossella_antarctica;-30.1243;15.9917
VME_Indicator_Record;Rossella_VME_Indicator;Glass_sponge_grounds;Rossella_antarctica;-30.38685;15.47537
VME_Indicator_Record;Rossella_VME_Indicator;Glass_sponge_grounds;Rossella_antarctica;-30.53573;16.20253
VME_Indicator_Record;Rossella_VME_Indicator;Glass_sponge_grounds;Rossella_antarctica;-31.83365059;16.39261627
VME_Indicator_Record;Rossella_VME_Indicator;Glass_sponge_grounds;Rossella_antarctica;-31.23218;16.48365
VME_Indicator_Record;Rossella_VME_Indicator;Glass_sponge_grounds;Rossella_antarctica;-30.6218;16.2842
VME_Indicator_Record;Rossella_VME_Indicator;Glass_sponge_grounds;Rossella_antarctica;-31.04967;16.926
VME_Indicator_Record;Rossella_VME_Indicator;Glass_sponge_grounds;Rossella_antarctica;-30.4510498;15.30175018
VME_Indicator_Record;Rossella_VME_Indicator;Glass_sponge_grounds;Rossella_antarctica;-30.36927;15.86995
VME_Indicator_Record;Rossella_VME_Indicator;Glass_sponge_grounds;Rossella_antarctica;-31.15458;16.88317
VME_Indicator_Record;Rossella_VME_Indicator;Glass_sponge_grounds;Rossella_antarctica;-31.91376686;16.7730999
VME_Indicator_Record;Rossella_VME_Indicator;Glass_sponge_grounds;Rossella_antarctica;-31.80717;16.87817
VME_Indicator_Record;Rossella_VME_Indicator;Glass_sponge_grounds;Rossella_antarctica;-30.62922;16.26833
VME_Indicator_Record;Rossella_VME_Indicator;Glass_sponge_grounds;Rossella_antarctica;-30.31057;16.14182
VME_Indicator_Record;Rossella_VME_Indicator;Glass_sponge_grounds;Rossella_antarctica;-31.90307;16.79582
VME_Indicator_Record;Rossella_VME_Indicator;Glass_sponge_grounds;Rossella_antarctica;-30.4626;15.619
VME_Indicator_Record;Rossella_VME_Indicator;Glass_sponge_grounds;Rossella_antarctica;-31.8555;16.463
VME_Indicator_Record;Rossella_VME_Indicator;Glass_sponge_grounds;Rossella_antarctica;-32.0018;16.4327
VME_Indicator_Record;Rossella_VME_Indicator;Glass_sponge_grounds;Rossella_antarctica;-30.06883;15.09075
VME_Indicator_Record;Rossella_VME_Indicator;Glass_sponge_grounds;Rossella_antarctica;-31.89267;16.78317
VME_Indicator_Record;Rossella_VME_Indicator;Glass_sponge_grounds;Rossella_antarctica;-31.6222;16.396
VME_Indicator_Record;Rossella_VME_Indicator;Glass_sponge_grounds;Rossella_antarctica;-32.03017;16.56183
VME_Indicator_Record;Rossella_VME_Indicator;Glass_sponge_grounds;Rossella_antarctica;-31.85542;16.46315
VME_Indicator_Record;Rossella_VME_Indicator;Glass_sponge_grounds;Rossella_antarctica;-31.7253;16.339
VME_Indicator_Record;Rossella_VME_Indicator;Glass_sponge_grounds;Rossella_antarctica;-32.7763;17.0301
VME_Indicator_Record;Rossella_VME_Indicator;Glass_sponge_grounds;Rossella_antarctica;-30.98633385;16.23046684
VME_Indicator_Record;Rossella_VME_Indicator;Glass_sponge_grounds;Rossella_antarctica;-31.53938;16.3875
VME_Indicator_Record;Rossella_VME_Indicator;Glass_sponge_grounds;Rossella_antarctica;-30.8953;16.6474
VME_Indicator_Record;Rossella_VME_Indicator;Glass_sponge_grounds;Rossella_antarctica;-36.33667;21.53833
VME_Indicator_Record;Rossella_VME_Indicator;Glass_sponge_grounds;Rossella_antarctica;-31.04867;16.47017
VME_Indicator_Record;Rossella_VME_Indicator;Glass_sponge_grounds;Rossella_antarctica;-30.74667;16.13667
VME_Indicator_Record;Rossella_VME_Indicator;Glass_sponge_grounds;Rossella_antarctica;-32.0667;16.6187
VME_Indicator_Record;Rossella_VME_Indicator;Glass_sponge_grounds;Rossella_antarctica;-31.12917;16.40717
VME_Indicator_Record;Rossella_VME_Indicator;Glass_sponge_grounds;Rossella_antarctica;-31.61581612;16.39938354
VME_Indicator_Record;Rossella_VME_Indicator;Glass_sponge_grounds;Rossella_antarctica;-31.15318298;16.88308334
VME_Indicator_Record;Rossella_VME_Indicator;Glass_sponge_grounds;Rossella_antarctica;-29.72607;15.15013
VME_Indicator_Record;Rossella_VME_Indicator;Glass_sponge_grounds;Rossella_antarctica;-34.3442;24.2517
VME_Indicator_Record;Rossella_VME_Indicator;Glass_sponge_grounds;Rossella_antarctica;-31.6234;16.3961
VME_Indicator_Record;Rossella_VME_Indicator;Glass_sponge_grounds;Rossella_antarctica;-31.6807;16.3867
VME_Indicator_Record;Rossella_VME_Indicator;Glass_sponge_grounds;Rossella_antarctica;-32.69367;17.34467
VME_Indicator_Record;Rossella_VME_Indicator;Glass_sponge_grounds;Rossella_antarctica;-33.75185013;17.93736649
VME_Indicator_Record;Rossella_VME_Indicator;Glass_sponge_grounds;Rossella_antarctica;-36.04393;21.36567
VME_Indicator_Record;Rossella_VME_Indicator;Glass_sponge_grounds;Rossella_antarctica;-35.3987;19.8355
VME_Indicator_Record;Rossella_VME_Indicator;Glass_sponge_grounds;Rossella_antarctica;-30.26447;15.9767
VME_Indicator_Record;Rossella_VME_Indicator;Glass_sponge_grounds;Rossella_antarctica;-36.13332;21.558
VME_Indicator_Record;Rossella_VME_Indicator;Glass_sponge_grounds;Rossella_antarctica;-32.57733;16.8895
VME_Indicator_Record;Rossella_VME_Indicator;Glass_sponge_grounds;Rossella_antarctica;-29.98963;15.187
VME_Indicator_Record;Rossella_VME_Indicator;Glass_sponge_grounds;Rossella_antarctica;-34.03357;17.87437
VME_Indicator_Record;Rossella_VME_Indicator;Glass_sponge_grounds;Rossella_antarctica;-30.5467;16.6817
VME_Indicator_Record;Rossella_VME_Indicator;Glass_sponge_grounds;Rossella_antarctica;-31.0477;16.4687
VME_Indicator_Record;Rossella_VME_Indicator;Glass_sponge_grounds;Rossella_antarctica;-35.9542;20.5547
VME_Indicator_Record;Rossella_VME_Indicator;Glass_sponge_grounds;Rossella_antarctica;-35.97857;22.2757
VME_Indicator_Record;Rossella_VME_Indicator;Glass_sponge_grounds;Rossella_antarctica;-35.94372;20.04092
VME_Indicator_Record;Rossella_VME_Indicator;Glass_sponge_grounds;Rossella_antarctica;-35.6555;22.0363
VME_Indicator_Record;Rossella_VME_Indicator;Glass_sponge_grounds;Rossella_antarctica;-32.3685;16.6775
VME_Indicator_Record;Rossella_VME_Indicator;Glass_sponge_grounds;Rossella_antarctica;-34.41367;18.12267
VME_Indicator_Record;Rossella_VME_Indicator;Glass_sponge_grounds;Rossella_antarctica;-33.7585;17.8922
VME_Indicator_Record;Rossella_VME_Indicator;Glass_sponge_grounds;Rossella_antarctica;-36.2865;21.5147
VME_Indicator_Record;Rossella_VME_Indicator;Glass_sponge_grounds;Rossella_antarctica;-35.64367;21.84317
VME_Indicator_Record;Rossella_VME_Indicator;Glass_sponge_grounds;Rossella_antarctica;-35.86246;21.64373
VME_Indicator_Record;Rossella_VME_Indicator;Glass_sponge_grounds;Rossella_antarctica;-30.45752;16.06862
VME_Indicator_Record;Rossella_VME_Indicator;Glass_sponge_grounds;Rossella_antarctica;-29.75245;15.27228
VME_Indicator_Record;Rossella_VME_Indicator;Glass_sponge_grounds;Rossella_antarctica;-35.945;21.75767
VME_Indicator_Record;Rossella_VME_Indicator;Glass_sponge_grounds;Rossella_antarctica;-36.02245;20.04995
VME_Indicator_Record;Rossella_VME_Indicator;Glass_sponge_grounds;Rossella_antarctica;-35.61633;21.93422
VME_Indicator_Record;Rossella_VME_Indicator;Glass_sponge_grounds;Rossella_antarctica;-31.6643;16.1843
VME_Indicator_Record;Rossella_VME_Indicator;Glass_sponge_grounds;Rossella_antarctica;-35.07317;22.21683
VME_Indicator_Record;Rossella_VME_Indicator;Glass_sponge_grounds;Rossella_antarctica;-31.6685;16.24
VME_Indicator_Record;Rossella_VME_Indicator;Glass_sponge_grounds;Rossella_antarctica;-36.2865;21.5147
VME_Indicator_Record;Rossella_VME_Indicator;Glass_sponge_grounds;Rossella_antarctica;-36.82868;21.02487
VME_Indicator_Record;Rossella_VME_Indicator;Glass_sponge_grounds;Rossella_antarctica;-34.70075;23.10113
VME_Indicator_Record;Rossella_VME_Indicator;Glass_sponge_grounds;Rossella_antarctica;-30.18348;15.35617
VME_Indicator_Record;Rossella_VME_Indicator;Glass_sponge_grounds;Rossella_antarctica;-34.394;26.2678
VME_Indicator_Record;Rossella_VME_Indicator;Glass_sponge_grounds;Rossella_antarctica;-29.62898254;15.4793663
VME_Indicator_Record;Rossella_VME_Indicator;Glass_sponge_grounds;Rossella_antarctica;-29.7437;15.1677
VME_Indicator_Record;Rossella_VME_Indicator;Glass_sponge_grounds;Rossella_antarctica;-35.56583;21.54538
VME_Indicator_Record;Rossella_VME_Indicator;Glass_sponge_grounds;Rossella_antarctica;-30.16428375;15.82313347
VME_Indicator_Record;Rossella_VME_Indicator;Glass_sponge_grounds;Rossella_antarctica;-36.4417;21.6315
VME_Indicator_Record;Rossella_VME_Indicator;Glass_sponge_grounds;Rossella_antarctica;-36.06333;21.39083
VME_Indicator_Record;Rossella_VME_Indicator;Glass_sponge_grounds;Rossella_antarctica;-33.2934;17.2686
VME_Indicator_Record;Rossella_VME_Indicator;Glass_sponge_grounds;Rossella_antarctica;-30.8295;16.1425
VME_Indicator_Record;Rossella_VME_Indicator;Glass_sponge_grounds;Rossella_antarctica;-35.95832;20.55803
VME_Indicator_Record;Rossella_VME_Indicator;Glass_sponge_grounds;Rossella_antarctica;-35.1633;23.0107
VME_Indicator_Record;Rossella_VME_Indicator;Glass_sponge_grounds;Rossella_antarctica;-34.9613;18.5203
VME_Indicator_Record;Rossella_VME_Indicator;Glass_sponge_grounds;Rossella_antarctica;-34.61583;18.923
VME_Indicator_Record;Errina_VME_Indicator;Lace_coral_gardens;Errina_sp.;-34.9582;20.45685
VME_Indicator_Record;Errinopsis_VME_Indicator;Lace_coral_gardens;Errinopsis_sp.;-35.6555;22.0363
VME_Indicator_Record;Inferiolabiata_VME_Indicator;Lace_coral_gardens;Inferiolabiata_spp.;-35.6555;22.0363
VME_Indicator_Record;Stylaster_VME_Indicator;Lace_coral_gardens;Stylaster_spp.;-36.75383;20.41167
VME_Indicator_Record;Stylaster_VME_Indicator;Lace_coral_gardens;Stylaster_spp.;-30.71647;16.7417
VME_Indicator_Record;Stylaster_VME_Indicator;Lace_coral_gardens;Stylaster_spp.;-34.78065;24.08512
VME_Indicator_Record;Stylaster_VME_Indicator;Lace_coral_gardens;Stylaster_spp.;-34.9316;23.28532
VME_Indicator_Record;Stylaster_VME_Indicator;Lace_coral_gardens;Stylaster_spp.;-31.6234;16.3961
VME_Indicator_Record;Stylaster_VME_Indicator;Lace_coral_gardens;Stylaster_spp.;-29.7437;15.1677
VME_Indicator_Record;Stylaster_VME_Indicator;Lace_coral_gardens;Stylaster_spp.;-31.0318;16.997
VME_Indicator_Record;Stylaster_VME_Indicator;Lace_coral_gardens;Stylaster_spp.;-36.2865;21.5147
VME_Indicator_Record;Stylaster_VME_Indicator;Lace_coral_gardens;Stylaster_spp.;-36.3375;21.0035
VME_Indicator_Record;Stylaster_VME_Indicator;Lace_coral_gardens;Stylaster_spp.;-35.60333;20.88
VME_Indicator_Record;Stylaster_VME_Indicator;Lace_coral_gardens;Stylaster_spp.;-36.76917;21.1915
VME_Indicator_Record;Stylaster_VME_Indicator;Lace_coral_gardens;Stylaster_spp.;-34.9317;23.2882
VME_Indicator_Record;Anthoptilum_VME_Indicator;Seapen_fields;Anthoptilum_grandiflorum;-31.7253;16.339
VME_Indicator_Record;Anthoptilum_VME_Indicator;Seapen_fields;Anthoptilum_grandiflorum;-31.5895;16.3357
VME_Indicator_Record;Anthoptilum_VME_Indicator;Seapen_fields;Anthoptilum_grandiflorum;-30.3837;15.7853
VME_Indicator_Record;Anthoptilum_VME_Indicator;Seapen_fields;Anthoptilum_grandiflorum;-30.4626;15.619
VME_Indicator_Record;Anthoptilum_VME_Indicator;Seapen_fields;Anthoptilum_grandiflorum;-30.5243;15.452
VME_Indicator_Record;Anthoptilum_VME_Indicator;Seapen_fields;Anthoptilum_grandiflorum;-30.69378;15.5388
VME_Indicator_Record;Anthoptilum_VME_Indicator;Seapen_fields;Anthoptilum_grandiflorum;-30.06883;15.09075
VME_Indicator_Record;Anthoptilum_VME_Indicator;Seapen_fields;Anthoptilum_grandiflorum;-30.43533;15.63167
VME_Indicator_Record;Anthoptilum_VME_Indicator;Seapen_fields;Anthoptilum_grandiflorum;-31.53938;16.3875
VME_Indicator_Record;Anthoptilum_VME_Indicator;Seapen_fields;Anthoptilum_grandiflorum;-30.45980072;15.44451714
VME_Indicator_Record;Anthoptilum_VME_Indicator;Seapen_fields;Anthoptilum_grandiflorum;-31.69267;16.27917
VME_Indicator_Record;Anthoptilum_VME_Indicator;Seapen_fields;Anthoptilum_grandiflorum;-30.5785;15.5877
VME_Indicator_Record;Anthoptilum_VME_Indicator;Seapen_fields;Anthoptilum_grandiflorum;-30.24233246;16.5133667
VME_Indicator_Record;Anthoptilum_VME_Indicator;Seapen_fields;Anthoptilum_grandiflorum;-30.88573265;16.56938362
VME_Indicator_Record;Anthoptilum_VME_Indicator;Seapen_fields;Anthoptilum_grandiflorum;-32.3685;16.6775
VME_Indicator_Record;Anthoptilum_VME_Indicator;Seapen_fields;Anthoptilum_grandiflorum;-29.80165;15.06047
VME_Indicator_Record;Anthoptilum_VME_Indicator;Seapen_fields;Anthoptilum_grandiflorum;-30.3801;15.735
VME_Indicator_Record;Anthoptilum_VME_Indicator;Seapen_fields;Anthoptilum_grandiflorum;-31.06027;16.4907
VME_Indicator_Record;Anthoptilum_VME_Indicator;Seapen_fields;Anthoptilum_grandiflorum;-30.26447;15.9767
VME_Indicator_Record;Anthoptilum_VME_Indicator;Seapen_fields;Anthoptilum_grandiflorum;-30.2792;16.37547
VME_Indicator_Record;Anthoptilum_VME_Indicator;Seapen_fields;Anthoptilum_grandiflorum;-30.36317;16.28083
VME_Indicator_Record;Anthoptilum_VME_Indicator;Seapen_fields;Anthoptilum_grandiflorum;-31.6222;16.396
VME_Indicator_Record;Anthoptilum_VME_Indicator;Seapen_fields;Anthoptilum_grandiflorum;-30.70369911;16.64900017
VME_Indicator_Record;Anthoptilum_VME_Indicator;Seapen_fields;Anthoptilum_grandiflorum;-30.27783394;16.10844994
VME_Indicator_Record;Anthoptilum_VME_Indicator;Seapen_fields;Anthoptilum_grandiflorum;-30.1509;16.4007
VME_Indicator_Record;Anthoptilum_VME_Indicator;Seapen_fields;Anthoptilum_grandiflorum;-30.2888;15.7435
VME_Indicator_Record;Anthoptilum_VME_Indicator;Seapen_fields;Anthoptilum_grandiflorum;-30.21683;15.54917
VME_Indicator_Record;Anthoptilum_VME_Indicator;Seapen_fields;Anthoptilum_grandiflorum;-31.014;16.4498
VME_Indicator_Record;Anthoptilum_VME_Indicator;Seapen_fields;Anthoptilum_grandiflorum;-30.2307;15.8423
VME_Indicator_Record;Anthoptilum_VME_Indicator;Seapen_fields;Anthoptilum_grandiflorum;-30.79868;16.57722
VME_Indicator_Record;Anthoptilum_VME_Indicator;Seapen_fields;Anthoptilum_grandiflorum;-30.51083;15.69233
VME_Indicator_Record;Anthoptilum_VME_Indicator;Seapen_fields;Anthoptilum_grandiflorum;-32.4077;16.7467
VME_Indicator_Record;Anthoptilum_VME_Indicator;Seapen_fields;Anthoptilum_grandiflorum;-30.234;15.86017
VME_Indicator_Record;Anthoptilum_VME_Indicator;Seapen_fields;Anthoptilum_grandiflorum;-30.21265;16.43242
VME_Indicator_Record;Anthoptilum_VME_Indicator;Seapen_fields;Anthoptilum_grandiflorum;-30.31057;16.14182
VME_Indicator_Record;Anthoptilum_VME_Indicator;Seapen_fields;Anthoptilum_grandiflorum;-30.2306;15.8417
VME_Indicator_Record;Anthoptilum_VME_Indicator;Seapen_fields;Anthoptilum_grandiflorum;-30.1243;15.9917
VME_Indicator_Record;Anthoptilum_VME_Indicator;Seapen_fields;Anthoptilum_grandiflorum;-30.3033;16.1517
VME_Indicator_Record;Anthoptilum_VME_Indicator;Seapen_fields;Anthoptilum_grandiflorum;-31.6234;16.3961
VME_Indicator_Record;Anthoptilum_VME_Indicator;Seapen_fields;Anthoptilum_grandiflorum;-31.06533;15.9665
VME_Indicator_Record;Anthoptilum_VME_Indicator;Seapen_fields;Anthoptilum_grandiflorum;-30.54935;16.6817
VME_Indicator_Record;Anthoptilum_VME_Indicator;Seapen_fields;Anthoptilum_grandiflorum;-30.392;16.562
VME_Indicator_Record;Anthoptilum_VME_Indicator;Seapen_fields;Anthoptilum_grandiflorum;-30.22987;15.84185
VME_Indicator_Record;Anthoptilum_VME_Indicator;Seapen_fields;Anthoptilum_grandiflorum;-32.37133;17.0295
VME_Indicator_Record;Anthoptilum_VME_Indicator;Seapen_fields;Anthoptilum_grandiflorum;-31.46272;16.29567
VME_Indicator_Record;Anthoptilum_VME_Indicator;Seapen_fields;Anthoptilum_grandiflorum;-31.04867;16.47017
VME_Indicator_Record;Anthoptilum_VME_Indicator;Seapen_fields;Anthoptilum_grandiflorum;-30.62922;16.26833
VME_Indicator_Record;Anthoptilum_VME_Indicator;Seapen_fields;Anthoptilum_grandiflorum;-30.71647;16.7417
VME_Indicator_Record;Anthoptilum_VME_Indicator;Seapen_fields;Anthoptilum_grandiflorum;-29.90605;15.99143
VME_Indicator_Record;Anthoptilum_VME_Indicator;Seapen_fields;Anthoptilum_grandiflorum;-34.0858;17.6344
VME_Indicator_Record;Anthoptilum_VME_Indicator;Seapen_fields;Anthoptilum_grandiflorum;-30.4220829;16.48886681
VME_Indicator_Record;Anthoptilum_VME_Indicator;Seapen_fields;Anthoptilum_grandiflorum;-34.6545;18.14267
VME_Indicator_Record;Anthoptilum_VME_Indicator;Seapen_fields;Anthoptilum_grandiflorum;-31.1352;16.6598
VME_Indicator_Record;Anthoptilum_VME_Indicator;Seapen_fields;Anthoptilum_grandiflorum;-30.2268;15.5588
VME_Indicator_Record;Anthoptilum_VME_Indicator;Seapen_fields;Anthoptilum_grandiflorum;-35.24667;18.69175
VME_Indicator_Record;Anthoptilum_VME_Indicator;Seapen_fields;Anthoptilum_grandiflorum;-35.54143;19.02683
VME_Indicator_Record;Anthoptilum_VME_Indicator;Seapen_fields;Anthoptilum_grandiflorum;-32.64617;16.89667
VME_Indicator_Record;Anthoptilum_VME_Indicator;Seapen_fields;Anthoptilum_grandiflorum;-34.722;18.3236
VME_Indicator_Record;Anthoptilum_VME_Indicator;Seapen_fields;Anthoptilum_grandiflorum;-31.02717;15.442
VME_Indicator_Record;Anthoptilum_VME_Indicator;Seapen_fields;Anthoptilum_grandiflorum;-32.6342;16.9213
VME_Indicator_Record;Anthoptilum_VME_Indicator;Seapen_fields;Anthoptilum_grandiflorum;-34.033;18.02453
VME_Indicator_Record;Isididae_VME_Indicator;Soft_coral_gardens;Isididae;-36.13933;22.39433
VME_Indicator_Record;Isididae_VME_Indicator;Soft_coral_gardens;Isididae;-34.48625;21.46857
VME_Indicator_Record;Isididae_VME_Indicator;Soft_coral_gardens;Isididae;-35.60333;20.88
VME_Indicator_Record;Isididae_VME_Indicator;Soft_coral_gardens;Isididae;-36.8056;20.41592
VME_Indicator_Record;Isididae_VME_Indicator;Soft_coral_gardens;Isididae;-31.67933;16.3855
VME_Indicator_Record;Isididae_VME_Indicator;Soft_coral_gardens;Isididae;-30.6574;15.37287
VME_Indicator_Record;Isididae_VME_Indicator;Soft_coral_gardens;Isididae;-34.39748;23.36025
VME_Indicator_Record;Isididae_VME_Indicator;Soft_coral_gardens;Isididae;-33.87117;17.85683
VME_Indicator_Record;Isididae_VME_Indicator;Soft_coral_gardens;Isididae;-34.32932;23.50853
VME_Indicator_Record;Melithaea_VME_Indicator;Soft_coral_gardens;Melithaea_spp.;-29.9915657;15.47621632
VME_Indicator_Record;Melithaea_VME_Indicator;Soft_coral_gardens;Melithaea_spp.;-34.8042;21.3177
VME_Indicator_Record;Melithaea_VME_Indicator;Soft_coral_gardens;Melithaea_spp.;-30.4510498;15.30175018
VME_Indicator_Record;Melithaea_VME_Indicator;Soft_coral_gardens;Melithaea_spp.;-30.21265;16.43242
VME_Indicator_Record;Melithaea_VME_Indicator;Soft_coral_gardens;Melithaea_spp.;-29.8747;15.191
VME_Indicator_Record;Melithaea_VME_Indicator;Soft_coral_gardens;Melithaea_spp.;-29.90605;15.99143
VME_Indicator_Record;Melithaea_VME_Indicator;Soft_coral_gardens;Melithaea_spp.;-31.1535;16.8828
VME_Indicator_Record;Melithaea_VME_Indicator;Soft_coral_gardens;Melithaea_spp.;-30.79868;16.57722
VME_Indicator_Record;Melithaea_VME_Indicator;Soft_coral_gardens;Melithaea_spp.;-30.091;15.5728
VME_Indicator_Record;Melithaea_VME_Indicator;Soft_coral_gardens;Melithaea_spp.;-30.88573265;16.56938362
VME_Indicator_Record;Melithaea_VME_Indicator;Soft_coral_gardens;Melithaea_spp.;-35.7148;20.9648
VME_Indicator_Record;Melithaea_VME_Indicator;Soft_coral_gardens;Melithaea_spp.;-30.6218;16.2842
VME_Indicator_Record;Melithaea_VME_Indicator;Soft_coral_gardens;Melithaea_spp.;-34.22343;22.63592
VME_Indicator_Record;Melithaea_VME_Indicator;Soft_coral_gardens;Melithaea_spp.;-34.2018;23.08458
VME_Indicator_Record;Melithaea_VME_Indicator;Soft_coral_gardens;Melithaea_spp.;-30.62922;16.26833
VME_Indicator_Record;Melithaea_VME_Indicator;Soft_coral_gardens;Melithaea_spp.;-30.06883;15.09075
VME_Indicator_Record;Melithaea_VME_Indicator;Soft_coral_gardens;Melithaea_spp.;-30.884;15.9663
VME_Indicator_Record;Melithaea_VME_Indicator;Soft_coral_gardens;Melithaea_spp.;-30.16428375;15.82313347
VME_Indicator_Record;Melithaea_VME_Indicator;Soft_coral_gardens;Melithaea_spp.;-30.4510498;15.30175018
VME_Indicator_Record;Melithaea_VME_Indicator;Soft_coral_gardens;Melithaea_spp.;-30.98633385;16.23046684
VME_Indicator_Record;Melithaea_VME_Indicator;Soft_coral_gardens;Melithaea_spp.;-34.5002;24.8063
VME_Indicator_Record;Melithaea_VME_Indicator;Soft_coral_gardens;Melithaea_spp.;-32.71896744;17.38349915
VME_Indicator_Record;Melithaea_VME_Indicator;Soft_coral_gardens;Melithaea_spp.;-30.2307;15.8423
VME_Indicator_Record;Melithaea_VME_Indicator;Soft_coral_gardens;Melithaea_spp.;-31.61581612;16.39938354
VME_Indicator_Record;Melithaea_VME_Indicator;Soft_coral_gardens;Melithaea_spp.;-34.5918;23.32975
VME_Indicator_Record;Melithaea_VME_Indicator;Soft_coral_gardens;Melithaea_spp.;-30.26447;15.9767
VME_Indicator_Record;Melithaea_VME_Indicator;Soft_coral_gardens;Melithaea_spp.;-34.433;21.7567
VME_Indicator_Record;Melithaea_VME_Indicator;Soft_coral_gardens;Melithaea_spp.;-34.70075;23.10113
VME_Indicator_Record;Melithaea_VME_Indicator;Soft_coral_gardens;Melithaea_spp.;-34.4813;21.4688
VME_Indicator_Record;Melithaea_VME_Indicator;Soft_coral_gardens;Melithaea_spp.;-34.06487;26.70322
VME_Indicator_Record;Melithaea_VME_Indicator;Soft_coral_gardens;Melithaea_spp.;-34.5855;22.6182
VME_Indicator_Record;Melithaea_VME_Indicator;Soft_coral_gardens;Melithaea_spp.;-34.39748;23.36025
VME_Indicator_Record;Melithaea_VME_Indicator;Soft_coral_gardens;Melithaea_spp.;-31.014;16.4498
VME_Indicator_Record;Melithaea_VME_Indicator;Soft_coral_gardens;Melithaea_spp.;-30.36927;15.86995
VME_Indicator_Record;Melithaea_VME_Indicator;Soft_coral_gardens;Melithaea_spp.;-34.2433;25.62268
VME_Indicator_Record;Melithaea_VME_Indicator;Soft_coral_gardens;Melithaea_spp.;-33.84464;26.66998
VME_Indicator_Record;Melithaea_VME_Indicator;Soft_coral_gardens;Melithaea_spp.;-32.78699875;17.71694946
VME_Indicator_Record;Melithaea_VME_Indicator;Soft_coral_gardens;Melithaea_spp.;-31.15318298;16.88308334
VME_Indicator_Record;Melithaea_VME_Indicator;Soft_coral_gardens;Melithaea_spp.;-33.892;26.6167
VME_Indicator_Record;Melithaea_VME_Indicator;Soft_coral_gardens;Melithaea_spp.;-34.11877;26.34548
VME_Indicator_Record;Melithaea_VME_Indicator;Soft_coral_gardens;Melithaea_spp.;-36.2865;21.5147
VME_Indicator_Record;Melithaea_VME_Indicator;Soft_coral_gardens;Melithaea_spp.;-34.6312;22.7603
VME_Indicator_Record;Melithaea_VME_Indicator;Soft_coral_gardens;Melithaea_spp.;-36.3684;21.04727
VME_Indicator_Record;Melithaea_VME_Indicator;Soft_coral_gardens;Melithaea_spp.;-34.30042;25.97045
VME_Indicator_Record;Melithaea_VME_Indicator;Soft_coral_gardens;Melithaea_spp.;-34.30042;25.97045
VME_Indicator_Record;Melithaea_VME_Indicator;Soft_coral_gardens;Melithaea_spp.;-31.23218;16.48365
VME_Indicator_Record;Melithaea_VME_Indicator;Soft_coral_gardens;Melithaea_spp.;-34.2238;25.308
VME_Indicator_Record;Melithaea_VME_Indicator;Soft_coral_gardens;Melithaea_spp.;-34.0991;25.61463
VME_Indicator_Record;Melithaea_VME_Indicator;Soft_coral_gardens;Melithaea_spp.;-33.7492;26.6978
VME_Indicator_Record;Melithaea_VME_Indicator;Soft_coral_gardens;Melithaea_spp.;-34.2238;25.308
VME_Indicator_Record;Melithaea_VME_Indicator;Soft_coral_gardens;Melithaea_spp.;-34.36743;24.85098
VME_Indicator_Record;Melithaea_VME_Indicator;Soft_coral_gardens;Melithaea_spp.;-36.20702;21.21182
VME_Indicator_Record;Melithaea_VME_Indicator;Soft_coral_gardens;Melithaea_spp.;-30.53573;16.20253
VME_Indicator_Record;Melithaea_VME_Indicator;Soft_coral_gardens;Melithaea_spp.;-35.86246;21.64373
VME_Indicator_Record;Melithaea_VME_Indicator;Soft_coral_gardens;Melithaea_spp.;-34.08755;23.86268
VME_Indicator_Record;Melithaea_VME_Indicator;Soft_coral_gardens;Melithaea_spp.;-34.3831;24.12187
VME_Indicator_Record;Melithaea_VME_Indicator;Soft_coral_gardens;Melithaea_spp.;-35.0062;22.97
VME_Indicator_Record;Melithaea_VME_Indicator;Soft_coral_gardens;Melithaea_spp.;-34.61583;18.923
VME_Indicator_Record;Melithaea_VME_Indicator;Soft_coral_gardens;Melithaea_spp.;-34.50185;24.79403
VME_Indicator_Record;Thouarella_VME_Indicator;Soft_coral_gardens;Thouarella_spp.;-34.4172;23.8895
VME_Indicator_Record;Thouarella_VME_Indicator;Soft_coral_gardens;Thouarella_spp.;-34.2433;25.62268
VME_Indicator_Record;Thouarella_VME_Indicator;Soft_coral_gardens;Thouarella_spp.;-36.8056;20.41592
VME_Indicator_Record;Thouarella_VME_Indicator;Soft_coral_gardens;Thouarella_spp.;-34.5163;24.2093
VME_Indicator_Record;Thouarella_VME_Indicator;Soft_coral_gardens;Thouarella_spp.;-34.394;26.2678
VME_Indicator_Record;Thouarella_VME_Indicator;Soft_coral_gardens;Thouarella_spp.;-31.67933;16.3855
VME_Indicator_Record;Thouarella_VME_Indicator;Soft_coral_gardens;Thouarella_spp.;-36.4892;20.0768
VME_Indicator_Record;Thouarella_VME_Indicator;Soft_coral_gardens;Thouarella_spp.;-33.9607;26.088
VME_Indicator_Record;Thouarella_VME_Indicator;Soft_coral_gardens;Thouarella_spp.;-35.2492;22.8467
VME_Indicator_Record;Thouarella_VME_Indicator;Soft_coral_gardens;Thouarella_spp.;-35.0777;23.50213
VME_Indicator_Record;Thouarella_VME_Indicator;Soft_coral_gardens;Thouarella_spp.;-35.1355;18.52067
VME_Indicator_Record;Thouarella_VME_Indicator;Soft_coral_gardens;Thouarella_spp.;-31.61581612;16.39938354
VME_Indicator_Record;Thouarella_VME_Indicator;Soft_coral_gardens;Thouarella_spp.;-36.3684;21.04727
VME_Indicator_Record;Thouarella_VME_Indicator;Soft_coral_gardens;Thouarella_spp.;-36.33202;20.99757
VME_Indicator_Record;Thouarella_VME_Indicator;Soft_coral_gardens;Thouarella_spp.;-34.26162;22.86038
VME_Indicator_Record;Thouarella_VME_Indicator;Soft_coral_gardens;Thouarella_spp.;-35.1985;22.943
VME_Indicator_Record;Thouarella_VME_Indicator;Soft_coral_gardens;Thouarella_spp.;-35.63325;21.54878
VME_Indicator_Record;Thouarella_VME_Indicator;Soft_coral_gardens;Thouarella_spp.;-35.1633;23.0107
VME_Indicator_Record;Thouarella_VME_Indicator;Soft_coral_gardens;Thouarella_spp.;-35.3113;22.9462
VME_Indicator_Record;Thouarella_VME_Indicator;Soft_coral_gardens;Thouarella_spp.;-34.6545;18.14267
VME_Indicator_Record;Thouarella_VME_Indicator;Soft_coral_gardens;Thouarella_spp.;-36.20702;21.21182
VME_Indicator_Record;Thouarella_VME_Indicator;Soft_coral_gardens;Thouarella_spp.;-33.4142;17.3692
VME_Indicator_Record;Thouarella_VME_Indicator;Soft_coral_gardens;Thouarella_spp.;-35.22665;22.89142
VME_Indicator_Record;Suberites_VME_Indicator;Soft_ground_sponge_grounds;Suberites_dandelenae;-30.73567;16.9035
VME_Indicator_Record;Suberites_VME_Indicator;Soft_ground_sponge_grounds;Suberites_dandelenae;-31.3973;17.6668
VME_Indicator_Record;Suberites_VME_Indicator;Soft_ground_sponge_grounds;Suberites_dandelenae;-29.2092;16.4512
VME_Indicator_Record;Suberites_VME_Indicator;Soft_ground_sponge_grounds;Suberites_dandelenae;-31.92016602;17.44128418
VME_Indicator_Record;Suberites_VME_Indicator;Soft_ground_sponge_grounds;Suberites_dandelenae;-31.5298;17.2859
VME_Indicator_Record;Suberites_VME_Indicator;Soft_ground_sponge_grounds;Suberites_dandelenae;-30.63983;17.1558
VME_Indicator_Record;Suberites_VME_Indicator;Soft_ground_sponge_grounds;Suberites_dandelenae;-31.14383;17.69477
VME_Indicator_Record;Suberites_VME_Indicator;Soft_ground_sponge_grounds;Suberites_dandelenae;-32.78699875;17.71694946
VME_Indicator_Record;Suberites_VME_Indicator;Soft_ground_sponge_grounds;Suberites_dandelenae;-32.801;17.702
VME_Indicator_Record;Suberites_VME_Indicator;Soft_ground_sponge_grounds;Suberites_dandelenae;-29.12102;15.91187
VME_Indicator_Record;Suberites_VME_Indicator;Soft_ground_sponge_grounds;Suberites_dandelenae;-31.90035057;16.96836662
VME_Indicator_Record;Suberites_VME_Indicator;Soft_ground_sponge_grounds;Suberites_dandelenae;-31.70369911;17.77481651
VME_Indicator_Record;Suberites_VME_Indicator;Soft_ground_sponge_grounds;Suberites_dandelenae;-30.7072;17.205
VME_Indicator_Record;Suberites_VME_Indicator;Soft_ground_sponge_grounds;Suberites_dandelenae;-30.71647;16.7417
VME_Indicator_Record;Suberites_VME_Indicator;Soft_ground_sponge_grounds;Suberites_dandelenae;-30.68467;17.20733
VME_Indicator_Record;Suberites_VME_Indicator;Soft_ground_sponge_grounds;Suberites_dandelenae;-31.48733;17.70617
VME_Indicator_Record;Suberites_VME_Indicator;Soft_ground_sponge_grounds;Suberites_dandelenae;-31.395;17.4322
VME_Indicator_Record;Suberites_VME_Indicator;Soft_ground_sponge_grounds;Suberites_dandelenae;-29.991;16.57233
VME_Indicator_Record;Suberites_VME_Indicator;Soft_ground_sponge_grounds;Suberites_dandelenae;-29.54867;15.70167
VME_Indicator_Record;Suberites_VME_Indicator;Soft_ground_sponge_grounds;Suberites_dandelenae;-31.12917;16.40717
VME_Indicator_Record;Suberites_VME_Indicator;Soft_ground_sponge_grounds;Suberites_dandelenae;-30.0052;16.5137
VME_Indicator_Record;Suberites_VME_Indicator;Soft_ground_sponge_grounds;Suberites_dandelenae;-31.37647;17.59165
VME_Indicator_Record;Suberites_VME_Indicator;Soft_ground_sponge_grounds;Suberites_dandelenae;-30.8013;16.7838
VME_Indicator_Record;Suberites_VME_Indicator;Soft_ground_sponge_grounds;Suberites_dandelenae;-30.69333;16.8235
VME_Indicator_Record;Suberites_VME_Indicator;Soft_ground_sponge_grounds;Suberites_dandelenae;-29.23475;15.6907
VME_Indicator_Record;Suberites_VME_Indicator;Soft_ground_sponge_grounds;Suberites_dandelenae;-29.07017;16.09283
VME_Indicator_Record;Suberites_VME_Indicator;Soft_ground_sponge_grounds;Suberites_dandelenae;-29.33662;16.017
VME_Indicator_Record;Suberites_VME_Indicator;Soft_ground_sponge_grounds;Suberites_dandelenae;-32.13215;17.20198
VME_Indicator_Record;Suberites_VME_Indicator;Soft_ground_sponge_grounds;Suberites_dandelenae;-31.72523;17.02523
VME_Indicator_Record;Suberites_VME_Indicator;Soft_ground_sponge_grounds;Suberites_dandelenae;-29.46133;16.584
VME_Indicator_Record;Suberites_VME_Indicator;Soft_ground_sponge_grounds;Suberites_dandelenae;-31.31817;17.63433
VME_Indicator_Record;Suberites_VME_Indicator;Soft_ground_sponge_grounds;Suberites_dandelenae;-30.82693291;16.89789963
VME_Indicator_Record;Suberites_VME_Indicator;Soft_ground_sponge_grounds;Suberites_dandelenae;-30.2112;16.7985
VME_Indicator_Record;Suberites_VME_Indicator;Soft_ground_sponge_grounds;Suberites_dandelenae;-29.1012;16.1638
VME_Indicator_Record;Suberites_VME_Indicator;Soft_ground_sponge_grounds;Suberites_dandelenae;-29.8277;15.9951
VME_Indicator_Record;Suberites_VME_Indicator;Soft_ground_sponge_grounds;Suberites_dandelenae;-31.95691681;17.98388672
VME_Indicator_Record;Suberites_VME_Indicator;Soft_ground_sponge_grounds;Suberites_dandelenae;-30.54935;16.6817
VME_Indicator_Record;Suberites_VME_Indicator;Soft_ground_sponge_grounds;Suberites_dandelenae;-30.4908;17.3023
VME_Indicator_Record;Suberites_VME_Indicator;Soft_ground_sponge_grounds;Suberites_dandelenae;-30.4578;17.2427
VME_Indicator_Record;Suberites_VME_Indicator;Soft_ground_sponge_grounds;Suberites_dandelenae;-32.30272;17.77475
VME_Indicator_Record;Suberites_VME_Indicator;Soft_ground_sponge_grounds;Suberites_dandelenae;-31.7343;17.8558
VME_Indicator_Record;Suberites_VME_Indicator;Soft_ground_sponge_grounds;Suberites_dandelenae;-29.75245;15.27228
VME_Indicator_Record;Suberites_VME_Indicator;Soft_ground_sponge_grounds;Suberites_dandelenae;-30.45980072;15.44451714
VME_Indicator_Record;Suberites_VME_Indicator;Soft_ground_sponge_grounds;Suberites_dandelenae;-29.3735;16.5413
VME_Indicator_Record;Suberites_VME_Indicator;Soft_ground_sponge_grounds;Suberites_dandelenae;-30.4895;17.16167
VME_Indicator_Record;Suberites_VME_Indicator;Soft_ground_sponge_grounds;Suberites_dandelenae;-30.67865;17.4181
VME_Indicator_Record;Suberites_VME_Indicator;Soft_ground_sponge_grounds;Suberites_dandelenae;-31.6353;17.0364
VME_Indicator_Record;Suberites_VME_Indicator;Soft_ground_sponge_grounds;Suberites_dandelenae;-29.82;15.9947
VME_Indicator_Record;Suberites_VME_Indicator;Soft_ground_sponge_grounds;Suberites_dandelenae;-30.20022;17.16628
VME_Indicator_Record;Suberites_VME_Indicator;Soft_ground_sponge_grounds;Suberites_dandelenae;-30.5467;16.6817
VME_Indicator_Record;Suberites_VME_Indicator;Soft_ground_sponge_grounds;Suberites_dandelenae;-28.7886;16.45932
VME_Indicator_Record;Suberites_VME_Indicator;Soft_ground_sponge_grounds;Suberites_dandelenae;-32.2358;17.4905
VME_Indicator_Record;Suberites_VME_Indicator;Soft_ground_sponge_grounds;Suberites_dandelenae;-30.22;16.8045
VME_Indicator_Record;Suberites_VME_Indicator;Soft_ground_sponge_grounds;Suberites_dandelenae;-29.6131;16.6132
VME_Indicator_Record;Suberites_VME_Indicator;Soft_ground_sponge_grounds;Suberites_dandelenae;-31.80933;16.86817
VME_Indicator_Record;Suberites_VME_Indicator;Soft_ground_sponge_grounds;Suberites_dandelenae;-29.3225;15.7438
VME_Indicator_Record;Suberites_VME_Indicator;Soft_ground_sponge_grounds;Suberites_dandelenae;-30.74279976;15.4515667
VME_Indicator_Record;Suberites_VME_Indicator;Soft_ground_sponge_grounds;Suberites_dandelenae;-30.2914;16.5384
VME_Indicator_Record;Suberites_VME_Indicator;Soft_ground_sponge_grounds;Suberites_dandelenae;-31.04867;16.47017
VME_Indicator_Record;Suberites_VME_Indicator;Soft_ground_sponge_grounds;Suberites_dandelenae;-30.27233;17.14083
VME_Indicator_Record;Suberites_VME_Indicator;Soft_ground_sponge_grounds;Suberites_dandelenae;-30.45752;16.06862
VME_Indicator_Record;Suberites_VME_Indicator;Soft_ground_sponge_grounds;Suberites_dandelenae;-29.87483;15.4575
VME_Indicator_Record;Suberites_VME_Indicator;Soft_ground_sponge_grounds;Suberites_dandelenae;-29.7375;16.845
VME_Indicator_Record;Suberites_VME_Indicator;Soft_ground_sponge_grounds;Suberites_dandelenae;-29.4925;15.9077
VME_Indicator_Record;Suberites_VME_Indicator;Soft_ground_sponge_grounds;Suberites_dandelenae;-29.44667;15.968
VME_Indicator_Record;Suberites_VME_Indicator;Soft_ground_sponge_grounds;Suberites_dandelenae;-29.21033;16.06333
VME_Indicator_Record;Suberites_VME_Indicator;Soft_ground_sponge_grounds;Suberites_dandelenae;-30.5785;15.5877
VME_Indicator_Record;Suberites_VME_Indicator;Soft_ground_sponge_grounds;Suberites_dandelenae;-30.9137;17.0807
VME_Indicator_Record;Suberites_VME_Indicator;Soft_ground_sponge_grounds;Suberites_dandelenae;-30.62922;16.26833
VME_Indicator_Record;Suberites_VME_Indicator;Soft_ground_sponge_grounds;Suberites_dandelenae;-28.88867;16.24233
VME_Indicator_Record;Suberites_VME_Indicator;Soft_ground_sponge_grounds;Suberites_dandelenae;-30.96413;17.04175
VME_Indicator_Record;Suberites_VME_Indicator;Soft_ground_sponge_grounds;Suberites_dandelenae;-30.2792;16.37547
VME_Indicator_Record;Suberites_VME_Indicator;Soft_ground_sponge_grounds;Suberites_dandelenae;-30.4510498;15.30175018
VME_Indicator_Record;Suberites_VME_Indicator;Soft_ground_sponge_grounds;Suberites_dandelenae;-30.18348;15.35617
VME_Indicator_Record;Suberites_VME_Indicator;Soft_ground_sponge_grounds;Suberites_dandelenae;-31.91168404;16.2567997
VME_Indicator_Record;Suberites_VME_Indicator;Soft_ground_sponge_grounds;Suberites_dandelenae;-29.9343;16.0368
VME_Indicator_Record;Suberites_VME_Indicator;Soft_ground_sponge_grounds;Suberites_dandelenae;-32.12717;16.9085
VME_Indicator_Record;Suberites_VME_Indicator;Soft_ground_sponge_grounds;Suberites_dandelenae;-33.92017;17.996
VME_Indicator_Record;Suberites_VME_Indicator;Soft_ground_sponge_grounds;Suberites_dandelenae;-30.79868;16.57722
VME_Indicator_Record;Suberites_VME_Indicator;Soft_ground_sponge_grounds;Suberites_dandelenae;-30.38685;15.47537
VME_Indicator_Record;Suberites_VME_Indicator;Soft_ground_sponge_grounds;Suberites_dandelenae;-30.27783394;16.10844994
VME_Indicator_Record;Dendrophyllid_VME_Indicator;Stony_coral_garden;Cigarette_coral;-34.2625;23.0728
VME_Indicator_Record;Cladopsammia_VME_Indicator;Stony_coral_garden;Cladopsammia_sp.;-34.98083;21.61435
VME_Indicator_Record;Desmophyllum_VME_Indicator;Stony_coral_garden;Desmophyllum_pertusum;-29.90605;15.99143
VME_Indicator_Record;Desmophyllum_VME_Indicator;Stony_coral_garden;Desmophyllum_pertusum;-35.6555;22.0363
VME_Indicator_Record;Desmophyllum_VME_Indicator;Stony_coral_garden;Desmophyllum_pertusum;-31.6234;16.3961
VME_Indicator_Record;Desmophyllum_VME_Indicator;Stony_coral_garden;Desmophyllum_pertusum;-31.53938;16.3875
VME_Indicator_Record;Desmophyllum_VME_Indicator;Stony_coral_garden;Desmophyllum_pertusum;-36.5323;21.9977
VME_Indicator_Record;Desmophyllum_VME_Indicator;Stony_coral_garden;Desmophyllum_pertusum;-30.06883;15.09075
VME_Indicator_Record;Desmophyllum_VME_Indicator;Stony_coral_garden;Desmophyllum_pertusum;-30.2307;15.8423
VME_Indicator_Record;Desmophyllum_VME_Indicator;Stony_coral_garden;Desmophyllum_pertusum;-31.67933;16.3855
VME_Indicator_Record;Desmophyllum_VME_Indicator;Stony_coral_garden;Desmophyllum_pertusum;-33.26668;17.30305
VME_Indicator_Record;Enallopsammia_VME_Indicator;Stony_coral_garden;Enallopsammia_sp.;-35.0777;23.50213
VME_Indicator_Record;Goniocorella_VME_Indicator;Stony_coral_garden;Goniocorella_dumosa;-34.3505;22.85033
VME_Indicator_Record;Goniocorella_VME_Indicator;Stony_coral_garden;Goniocorella_dumosa;-36.13933;22.39433
VME_Indicator_Record;Goniocorella_VME_Indicator;Stony_coral_garden;Goniocorella_dumosa;-34.0795;25.19017
VME_Indicator_Record;Solenosmilia_VME_Indicator;Stony_coral_garden;Solenosmilia_variabilis;-35.97857;22.2757
VME_Indicator_Record;Solenosmilia_VME_Indicator;Stony_coral_garden;Solenosmilia_variabilis;-35.61633;21.93422
VME_Indicator_Record_Industry;Bryozoa_VME_Indicator;Bryozoan_patches;VME Phylum Bryozoa;-35.6908;19.2286
VME_Indicator_Record_Industry;Hydrozoa_VME_Indicator;Lace_coral_gardens;VME Class Hydrozoa;-35.2122;18.7047
VME_Indicator_Record_Industry;Hydrozoa_VME_Indicator;Lace_coral_gardens;VME Class Hydrozoa;-34.9847;18.5275
VME_Indicator_Record_Industry;Hydrozoa_VME_Indicator;Lace_coral_gardens;VME Class Hydrozoa;-34.8917;18.4228
VME_Indicator_Record_Industry;Hydrozoa_VME_Indicator;Lace_coral_gardens;VME Class Hydrozoa;-35.2681;18.7719
VME_Indicator_Record_Industry;Hydrozoa_VME_Indicator;Lace_coral_gardens;VME Class Hydrozoa;-35.3211;18.7767
VME_Indicator_Record_Industry;Pennatulacea_VME_Indicator;Seapen_fields;VME Order Pennatulacea;-35.2122;18.7047
VME_Indicator_Record_Industry;Pennatulacea_VME_Indicator;Seapen_fields;VME Order Pennatulacea;-35.3747;18.8167
VME_Indicator_Record_Industry;Pennatulacea_VME_Indicator;Seapen_fields;VME Order Pennatulacea;-35.3742;18.8183
VME_Indicator_Record_Industry;Pennatulacea_VME_Indicator;Seapen_fields;VME Order Pennatulacea;-35.0431;18.5728
VME_Indicator_Record_Industry;Pennatulacea_VME_Indicator;Seapen_fields;VME Order Pennatulacea;-35.1264;18.6264
VME_Indicator_Record_Industry;Pennatulacea_VME_Indicator;Seapen_fields;VME Order Pennatulacea;-35.3211;18.7767
VME_Indicator_Record_Industry;Pennatulacea_VME_Indicator;Seapen_fields;VME Order Pennatulacea;-34.3267;17.8503
VME_Indicator_Record_Industry;Pennatulacea_VME_Indicator;Seapen_fields;VME Order Pennatulacea;-34.8011;18.2975
VME_Indicator_Record_Industry;Pennatulacea_VME_Indicator;Seapen_fields;VME Order Pennatulacea;-35.0089;18.5433
VME_Indicator_Record_Industry;Pennatulacea_VME_Indicator;Seapen_fields;VME Order Pennatulacea;-35.5314;18.9844
VME_Indicator_Record_Industry;Pennatulacea_VME_Indicator;Seapen_fields;VME Order Pennatulacea;-35.5475;19.0353
VME_Indicator_Record_Industry;Pennatulacea_VME_Indicator;Seapen_fields;VME Order Pennatulacea;-35.5672;19.0494
VME_Indicator_Record_Industry;Pennatulacea_VME_Indicator;Seapen_fields;VME Order Pennatulacea;-35.6489;19.1656
VME_Indicator_Record_Industry;Pennatulacea_VME_Indicator;Seapen_fields;VME Order Pennatulacea;-35.4714;18.9231
VME_Indicator_Record_Industry;Pennatulacea_VME_Indicator;Seapen_fields;VME Order Pennatulacea;-35.6056;19.1236
VME_Indicator_Record_Industry;Pennatulacea_VME_Indicator;Seapen_fields;VME Order Pennatulacea;-35.6203;19.1297
VME_Indicator_Record_Industry;Pennatulacea_VME_Indicator;Seapen_fields;VME Order Pennatulacea;-35.4844;18.9567
VME_Indicator_Record_Industry;Pennatulacea_VME_Indicator;Seapen_fields;VME Order Pennatulacea;-35.6011;19.1275
VME_Indicator_Record_Industry;Pennatulacea_VME_Indicator;Seapen_fields;VME Order Pennatulacea;-35.6425;19.1761
VME_Indicator_Record_Industry;Pennatulacea_VME_Indicator;Seapen_fields;VME Order Pennatulacea;-34.6;18.2528
VME_Indicator_Record_Industry;Pennatulacea_VME_Indicator;Seapen_fields;VME Order Pennatulacea;-34.9347;18.3144
VME_Indicator_Record_Industry;Pennatulacea_VME_Indicator;Seapen_fields;VME Order Pennatulacea;-36.7339;20.6347
VME_Indicator_Record_Industry;Pennatulacea_VME_Indicator;Seapen_fields;VME Order Pennatulacea;-34.2122;17.7136
VME_Indicator_Record_Industry;Pennatulacea_VME_Indicator;Seapen_fields;VME Order Pennatulacea;-34.3639;17.8339
VME_Indicator_Record_Industry;Pennatulacea_VME_Indicator;Seapen_fields;VME Order Pennatulacea;-34.62;17.9906
VME_Indicator_Record_Industry;Pennatulacea_VME_Indicator;Seapen_fields;VME Order Pennatulacea;-36.7594;20.8008
VME_Indicator_Record_Industry;Pennatulacea_VME_Indicator;Seapen_fields;VME Order Pennatulacea;-34.4269;17.8281
VME_Indicator_Record_Industry;Alcyonacea_VME_Indicator;Soft_coral_gardens;VME Order Alcyonacea;-36.5986;20.4219
VME_Indicator_Record_Industry;Alcyonacea_VME_Indicator;Soft_coral_gardens;VME Order Alcyonacea;-35.2122;18.7047
VME_Indicator_Record_Industry;Alcyonacea_VME_Indicator;Soft_coral_gardens;VME Order Alcyonacea;-34.3267;17.8503
VME_Indicator_Record_Industry;Alcyonacea_VME_Indicator;Soft_coral_gardens;VME Order Alcyonacea;-35.5475;19.0353
VME_Indicator_Record_Industry;Alcyonacea_VME_Indicator;Soft_coral_gardens;VME Order Alcyonacea;-35.5672;19.0494
VME_Indicator_Record_Industry;Alcyonacea_VME_Indicator;Soft_coral_gardens;VME Order Alcyonacea;-35.6489;19.1656
VME_Indicator_Record_Industry;Alcyonacea_VME_Indicator;Soft_coral_gardens;VME Order Alcyonacea;-35.6056;19.1236
VME_Indicator_Record_Industry;Alcyonacea_VME_Indicator;Soft_coral_gardens;VME Order Alcyonacea;-35.6203;19.1297
VME_Indicator_Record_Industry;Alcyonacea_VME_Indicator;Soft_coral_gardens;VME Order Alcyonacea;-35.6908;19.2286
VME_Indicator_Record_Industry;Alcyonacea_VME_Indicator;Soft_coral_gardens;VME Order Alcyonacea;-35.6011;19.1275
VME_Indicator_Record_Industry;Alcyonacea_VME_Indicator;Soft_coral_gardens;VME Order Alcyonacea;-35.6425;19.1761
VME_Indicator_Record_Industry;Alcyonacea_VME_Indicator;Soft_coral_gardens;VME Order Alcyonacea;-35.3633;18.9314
VME_Indicator_Record_Industry;Porifera_VME_Indicator;Soft_ground_sponge_grounds;VME Phylum Porifera;-35.6011;19.1275
VME_Indicator_Record_Industry;Porifera_VME_Indicator;Soft_ground_sponge_grounds;VME Phylum Porifera;-34.3014;18.1506
VME_Indicator_Record_Industry;Scleractinia_VME_Indicator;Stony_coral_garden;VME Order Scleractinia;-35.3008;18.8175
VME_Indicator_Record_Industry;Scleractinia_VME_Indicator;Stony_coral_garden;VME Order Scleractinia;-35.035;18.5583
VME_Indicator_Record_Industry;Scleractinia_VME_Indicator;Stony_coral_garden;VME Order Scleractinia;-35.6489;19.1656
VME_Indicator_Record_Industry;Scleractinia_VME_Indicator;Stony_coral_garden;VME Order Scleractinia;-35.4156;18.8525
VME_Indicator_Record_Industry;Scleractinia_VME_Indicator;Stony_coral_garden;VME Order Scleractinia;-36.7533;20.8678
VME_Indicator_Record_Industry;Scleractinia_VME_Indicator;Stony_coral_garden;VME Order Scleractinia;-36.7339;20.6347
VME_Indicator_Record_Industry;Scleractinia_VME_Indicator;Stony_coral_garden;VME Order Scleractinia;-36.3078;20.0217
VME_Indicator_Record_Industry;Scleractinia_VME_Indicator;Stony_coral_garden;VME Order Scleractinia;-36.3228;20.0336
VME_Indicator_Record_Industry;Scleractinia_VME_Indicator;Stony_coral_garden;VME Order Scleractinia;-36.3264;20.0164
VME_Indicator_Record_Observer;Chaperiopsis_VME_Indicator;Bryozoan_patches;Chaperiopsis;-34.5229;21.336383
VME_Indicator_Record_Observer;Chaperiopsis_VME_Indicator;Bryozoan_patches;Chaperiopsis;-34.5229;21.336383
VME_Indicator_Record_Observer;Bryozoan_VME_Indicator;Bryozoan_patches;Onchoporella;-34.578833;21.2199
VME_Indicator_Record_Observer;Securiflustra_VME_Indicator;Bryozoan_patches;Securiflustra;-31.93;16.256667
VME_Indicator_Record_Observer;Rossella_VME_Indicator;Glass_sponge_grounds;Rossella;-32.077333;16.378167
VME_Indicator_Record_Observer;Rossella_VME_Indicator;Glass_sponge_grounds;Rossella;-35.4895;18.918667
VME_Indicator_Record_Observer;Rossella_VME_Indicator;Glass_sponge_grounds;Rossella;-35.605167;19.140667
VME_Indicator_Record_Observer;Rossella_VME_Indicator;Glass_sponge_grounds;Rossella;-35.687667;19.225833
VME_Indicator_Record_Observer;Rossella_VME_Indicator;Glass_sponge_grounds;Rossella;-30.914333;16.079667
VME_Indicator_Record_Observer;Rossella_VME_Indicator;Glass_sponge_grounds;Rossella;-30.659;15.446
VME_Indicator_Record_Observer;Rossella_VME_Indicator;Glass_sponge_grounds;Rossella;-31.056;15.9485
VME_Indicator_Record_Observer;Rossella_VME_Indicator;Glass_sponge_grounds;Rossella;-31.129333;15.899667
VME_Indicator_Record_Observer;Rossella_VME_Indicator;Glass_sponge_grounds;Rossella;-33.317;17.2795
VME_Indicator_Record_Observer;Rossella_VME_Indicator;Glass_sponge_grounds;Rossella;-34.551833;18.106833
VME_Indicator_Record_Observer;Rossella_VME_Indicator;Glass_sponge_grounds;Rossella;-31.511;16.273333
VME_Indicator_Record_Observer;Rossella_VME_Indicator;Glass_sponge_grounds;Rossella;-33.1245;17.3915
VME_Indicator_Record_Observer;Rossella_VME_Indicator;Glass_sponge_grounds;Rossella;-31.279333;16.0321
VME_Indicator_Record_Observer;Rossella_VME_Indicator;Glass_sponge_grounds;Rossella;-31.33115;16.107117
VME_Indicator_Record_Observer;Rossella_VME_Indicator;Glass_sponge_grounds;Rossella;-31.30005;16.054733
VME_Indicator_Record_Observer;Rossella_VME_Indicator;Glass_sponge_grounds;Rossella;-31.097;15.816167
VME_Indicator_Record_Observer;Rossella_VME_Indicator;Glass_sponge_grounds;Rossella;-33.058667;17.457
VME_Indicator_Record_Observer;Rossella_VME_Indicator;Glass_sponge_grounds;Rossella;-30.982;15.619333
VME_Indicator_Record_Observer;Rossella_VME_Indicator;Glass_sponge_grounds;Rossella;-31.087;15.796667
VME_Indicator_Record_Observer;Rossella_VME_Indicator;Glass_sponge_grounds;Rossella;-30.680167;16.069833
VME_Indicator_Record_Observer;Rossella_VME_Indicator;Glass_sponge_grounds;Rossella;-30.846667;16.107
VME_Indicator_Record_Observer;Rossella_VME_Indicator;Glass_sponge_grounds;Rossella;-31.621667;16.067167
VME_Indicator_Record_Observer;Hydrozoa_VME_Indicator;Lace_coral_gardens;Hydroids;-34.656833;18.104167
VME_Indicator_Record_Observer;Hydrozoa_VME_Indicator;Lace_coral_gardens;Hydroids;-34.5945;18.15
VME_Indicator_Record_Observer;Hydrozoa_VME_Indicator;Lace_coral_gardens;Hydroids;-33.356;17.285333
VME_Indicator_Record_Observer;Hydrozoa_VME_Indicator;Lace_coral_gardens;Hydroids;-34.619133;25.0152
VME_Indicator_Record_Observer;Hydrozoa_VME_Indicator;Lace_coral_gardens;Hydroids;-34.668833;18.0665
VME_Indicator_Record_Observer;Hydrozoa_VME_Indicator;Lace_coral_gardens;Hydroids;-36.515;20.292167
VME_Indicator_Record_Observer;Hydrozoa_VME_Indicator;Lace_coral_gardens;Hydroids;-34.046733;26.235933
VME_Indicator_Record_Observer;Hydrozoa_VME_Indicator;Lace_coral_gardens;Hydroids;-34.453167;25.676833
VME_Indicator_Record_Observer;Hydrozoa_VME_Indicator;Lace_coral_gardens;Hydroids;-34.652667;25.054667
VME_Indicator_Record_Observer;Hydrozoa_VME_Indicator;Lace_coral_gardens;Hydroids;-33.981667;26.04095
VME_Indicator_Record_Observer;Hydrozoa_VME_Indicator;Lace_coral_gardens;Hydroids;-34.168683;22.3257
VME_Indicator_Record_Observer;Hydrozoa_VME_Indicator;Lace_coral_gardens;Hydroids;-34.168683;22.3257
VME_Indicator_Record_Observer;Hydrozoa_VME_Indicator;Lace_coral_gardens;Hydroids;-35.391;18.845333
VME_Indicator_Record_Observer;Hydrozoa_VME_Indicator;Lace_coral_gardens;Hydroids;-30.940167;16.038
VME_Indicator_Record_Observer;Hydrozoa_VME_Indicator;Lace_coral_gardens;Hydroids;-33.271667;17.477333
VME_Indicator_Record_Observer;Anthoptilum_VME_Indicator;Seapen_fields;Anthoptilum;-34.795;18.2805
VME_Indicator_Record_Observer;Anthoptilum_VME_Indicator;Seapen_fields;Anthoptilum;-34.656833;18.104167
VME_Indicator_Record_Observer;Anthoptilum_VME_Indicator;Seapen_fields;Anthoptilum;-34.682167;18.089167
VME_Indicator_Record_Observer;Anthoptilum_VME_Indicator;Seapen_fields;Anthoptilum;-34.391;17.7745
VME_Indicator_Record_Observer;Anthoptilum_VME_Indicator;Seapen_fields;Anthoptilum;-35.148167;18.6485
VME_Indicator_Record_Observer;Anthoptilum_VME_Indicator;Seapen_fields;Anthoptilum;-32.077333;16.378167
VME_Indicator_Record_Observer;Anthoptilum_VME_Indicator;Seapen_fields;Anthoptilum;-31.53;16.226667
VME_Indicator_Record_Observer;Anthoptilum_VME_Indicator;Seapen_fields;Anthoptilum;-35.185833;18.695667
VME_Indicator_Record_Observer;Anthoptilum_VME_Indicator;Seapen_fields;Anthoptilum;-35.0435;18.5805
VME_Indicator_Record_Observer;Anthoptilum_VME_Indicator;Seapen_fields;Anthoptilum;-35.569333;19.0575
VME_Indicator_Record_Observer;Anthoptilum_VME_Indicator;Seapen_fields;Anthoptilum;-35.683333;19.218667
VME_Indicator_Record_Observer;Anthoptilum_VME_Indicator;Seapen_fields;Anthoptilum;-35.638833;19.151833
VME_Indicator_Record_Observer;Anthoptilum_VME_Indicator;Seapen_fields;Anthoptilum;-35.638833;19.172333
VME_Indicator_Record_Observer;Anthoptilum_VME_Indicator;Seapen_fields;Anthoptilum;-35.4895;18.918667
VME_Indicator_Record_Observer;Anthoptilum_VME_Indicator;Seapen_fields;Anthoptilum;-35.686833;19.224
VME_Indicator_Record_Observer;Anthoptilum_VME_Indicator;Seapen_fields;Anthoptilum;-35.687667;19.225833
VME_Indicator_Record_Observer;Anthoptilum_VME_Indicator;Seapen_fields;Anthoptilum;-35.691167;19.234333
VME_Indicator_Record_Observer;Anthoptilum_VME_Indicator;Seapen_fields;Anthoptilum;-31.129333;15.899667
VME_Indicator_Record_Observer;Anthoptilum_VME_Indicator;Seapen_fields;Anthoptilum;-31.998667;16.294
VME_Indicator_Record_Observer;Anthoptilum_VME_Indicator;Seapen_fields;Anthoptilum;-31.511;16.273333
VME_Indicator_Record_Observer;Anthoptilum_VME_Indicator;Seapen_fields;Anthoptilum;-30.883833;15.591667
VME_Indicator_Record_Observer;Anthoptilum_VME_Indicator;Seapen_fields;Anthoptilum;-35.355833;18.812167
VME_Indicator_Record_Observer;Gorgonian_VME_Indicator;Soft_coral_gardens;Gorgonian;-33.81075;26.699167
VME_Indicator_Record_Observer;Gorgonian_VME_Indicator;Soft_coral_gardens;Gorgonian;-35.638833;19.172333
VME_Indicator_Record_Observer;Gorgonian_VME_Indicator;Soft_coral_gardens;Gorgonian;-34.557667;18.250833
VME_Indicator_Record_Observer;Gorgonian_VME_Indicator;Soft_coral_gardens;Gorgonian;-31.276667;16.043833
VME_Indicator_Record_Observer;Gorgonian_VME_Indicator;Soft_coral_gardens;Gorgonian;-31.353333;16.163667
VME_Indicator_Record_Observer;Gorgonian_VME_Indicator;Soft_coral_gardens;Gorgonian;-31.271667;15.8835
VME_Indicator_Record_Observer;Gorgonian_VME_Indicator;Soft_coral_gardens;Gorgonian;-35.4835;18.935667
VME_Indicator_Record_Observer;Gorgonian_VME_Indicator;Soft_coral_gardens;Gorgonian;-31.621667;16.067167
VME_Indicator_Record_Observer;Gorgonian_VME_Indicator;Soft_coral_gardens;Gorgonian;-31.833333;16.216667
VME_Indicator_Record_Observer;Melithaea_VME_Indicator;Soft_coral_gardens;Melithaea c.f.;-35.4895;18.918667
VME_Indicator_Record_Observer;Melithaea_VME_Indicator;Soft_coral_gardens;Melithaea c.f.;-33.317;17.2795
VME_Indicator_Record_Observer;Melithaea_VME_Indicator;Soft_coral_gardens;Melithaea c.f.;-34.036833;26.293
VME_Indicator_Record_Observer;Melithaea_VME_Indicator;Soft_coral_gardens;Melithaea c.f.;-31.279333;16.0321
VME_Indicator_Record_Observer;Melithaea_VME_Indicator;Soft_coral_gardens;Melithaea c.f.;-33.058667;17.457
VME_Indicator_Record_Observer;Thouarella_VME_Indicator;Soft_coral_gardens;Thouarella;-34.656833;18.104167
VME_Indicator_Record_Observer;Thouarella_VME_Indicator;Soft_coral_gardens;Thouarella;-33.356;17.285333
VME_Indicator_Record_Observer;Thouarella_VME_Indicator;Soft_coral_gardens;Thouarella;-32.077333;16.378167
VME_Indicator_Record_Observer;Thouarella_VME_Indicator;Soft_coral_gardens;Thouarella;-31.65;16.218333
VME_Indicator_Record_Observer;Thouarella_VME_Indicator;Soft_coral_gardens;Thouarella;-31.750333;16.218333
VME_Indicator_Record_Observer;Thouarella_VME_Indicator;Soft_coral_gardens;Thouarella;-31.53;16.226667
VME_Indicator_Record_Observer;Thouarella_VME_Indicator;Soft_coral_gardens;Thouarella;-31.813333;16.215
VME_Indicator_Record_Observer;Thouarella_VME_Indicator;Soft_coral_gardens;Thouarella;-35.185833;18.695667
VME_Indicator_Record_Observer;Thouarella_VME_Indicator;Soft_coral_gardens;Thouarella;-34.8965;18.490167
VME_Indicator_Record_Observer;Thouarella_VME_Indicator;Soft_coral_gardens;Thouarella;-35.757667;19.342833
VME_Indicator_Record_Observer;Thouarella_VME_Indicator;Soft_coral_gardens;Thouarella;-34.746667;24.917667
VME_Indicator_Record_Observer;Thouarella_VME_Indicator;Soft_coral_gardens;Thouarella;-35.569333;19.0575
VME_Indicator_Record_Observer;Thouarella_VME_Indicator;Soft_coral_gardens;Thouarella;-35.683333;19.218667
VME_Indicator_Record_Observer;Thouarella_VME_Indicator;Soft_coral_gardens;Thouarella;-35.638833;19.151833
VME_Indicator_Record_Observer;Thouarella_VME_Indicator;Soft_coral_gardens;Thouarella;-35.638833;19.172333
VME_Indicator_Record_Observer;Thouarella_VME_Indicator;Soft_coral_gardens;Thouarella;-35.4895;18.918667
VME_Indicator_Record_Observer;Thouarella_VME_Indicator;Soft_coral_gardens;Thouarella;-35.686833;19.224
VME_Indicator_Record_Observer;Thouarella_VME_Indicator;Soft_coral_gardens;Thouarella;-35.687667;19.225833
VME_Indicator_Record_Observer;Thouarella_VME_Indicator;Soft_coral_gardens;Thouarella;-33.317;17.2795
VME_Indicator_Record_Observer;Thouarella_VME_Indicator;Soft_coral_gardens;Thouarella;-33.1245;17.3915
VME_Indicator_Record_Observer;Thouarella_VME_Indicator;Soft_coral_gardens;Thouarella;-31.279333;16.0321
VME_Indicator_Record_Observer;Thouarella_VME_Indicator;Soft_coral_gardens;Thouarella;-31.32695;16.1027
VME_Indicator_Record_Observer;Thouarella_VME_Indicator;Soft_coral_gardens;Thouarella;-31.30005;16.054733
VME_Indicator_Record_Observer;Thouarella_VME_Indicator;Soft_coral_gardens;Thouarella;-33.058667;17.457
VME_Indicator_Record_Observer;Suberites_VME_Indicator;Soft_ground_sponge_grounds;Suberites;-31.776667;16.99
VME_Indicator_Record_Observer;Suberites_VME_Indicator;Soft_ground_sponge_grounds;Suberites;-36.316667;20.1
VME_Indicator_Record_Observer;Suberites_VME_Indicator;Soft_ground_sponge_grounds;Suberites;-30.9835;15.613333
VME_Indicator_Record_Observer;Suberites_VME_Indicator;Soft_ground_sponge_grounds;Suberites;-30.883833;15.591667
VME_Indicator_Record_Observer;Carophylliid_VME_Indicator;Stony_coral_garden;Carophylliid;-33.3465;17.504667
VME_Indicator_Record_Observer;Carophylliid_VME_Indicator;Stony_coral_garden;Carophylliid;-35.591667;19.101333
VME_Indicator_Record_Observer;Carophylliid_VME_Indicator;Stony_coral_garden;Carophylliid;-30.654167;15.438667
VME_Indicator_Record_Observer;Carophylliid_VME_Indicator;Stony_coral_garden;Carophylliid;-33.245333;17.430333
VME_Indicator_Record_Observer;Scleractinia_VME_Indicator;Stony_coral_garden;Coral;-31.563333;16.33
VME_Indicator_Record_Observer;Scleractinia_VME_Indicator;Stony_coral_garden;Coral;-31.30005;16.054733
VME_Indicator_Record_Observer;Scleractinia_VME_Indicator;Stony_coral_garden;Desmophyllum, Caryophyllia and others;-35.125333;18.648167
VME_Indicator_Record_Observer;Scleractinia_VME_Indicator;Stony_coral_garden;Desmophyllum, Caryophyllia and others;-36.676;20.423667
VME_Indicator_Record_Observer;Scleractinia_VME_Indicator;Stony_coral_garden;Desmophyllum, Caryophyllia and others;-35.638833;19.172333
VME_Indicator_Record_Observer;Desmophyllum_VME_Indicator;Stony_coral_garden;Lophelia;-32.176167;16.571667
VME_Indicator_Record_Observer;Desmophyllum_VME_Indicator;Stony_coral_garden;Lophelia;-32.077333;16.378167
VME_Indicator_Record_Observer;Desmophyllum_VME_Indicator;Stony_coral_garden;Lophelia;-34.455333;25.744333
VME_Indicator_Record_Observer;Desmophyllum_VME_Indicator;Stony_coral_garden;Lophelia;-34.440167;25.884333
VME_Indicator_Record_Observer;Desmophyllum_VME_Indicator;Stony_coral_garden;Lophelia;-34.745833;24.576
VME_Indicator_Record_Observer;Desmophyllum_VME_Indicator;Stony_coral_garden;Lophelia;-34.530833;25.414667
VME_Indicator_Record_Observer;Desmophyllum_VME_Indicator;Stony_coral_garden;Lophelia;-35.4895;18.918667
VME_Indicator_Record_Observer;Desmophyllum_VME_Indicator;Stony_coral_garden;Lophelia;-35.686833;19.224
VME_Indicator_Record_Observer;Desmophyllum_VME_Indicator;Stony_coral_garden;Lophelia;-33.300667;17.3595
VME_Indicator_Record_Observer;Desmophyllum_VME_Indicator;Stony_coral_garden;Lophelia;-33.317;17.2795
VME_Indicator_Record_Observer;Desmophyllum_VME_Indicator;Stony_coral_garden;Lophelia;-31.308333;16.213333
VME_Indicator_Record_Observer;Desmophyllum_VME_Indicator;Stony_coral_garden;Lophelia;-36.316667;20.1
VME_Indicator_Record_Observer;Desmophyllum_VME_Indicator;Stony_coral_garden;Lophelia;-31.33115;16.107117
VME_Indicator_Record_Observer;Desmophyllum_VME_Indicator;Stony_coral_garden;Lophelia;-31.30005;16.054733
VME_Indicator_Record_Observer;Desmophyllum_VME_Indicator;Stony_coral_garden;Lophelia;-31.097;15.816167
VME_Indicator_Record_Observer;Desmophyllum_VME_Indicator;Stony_coral_garden;Lophelia;-31.516667;15.993833
VME_Indicator_Record_Observer;Desmophyllum_VME_Indicator;Stony_coral_garden;Lophelia;-30.940667;15.913833
VME_Indicator_Record_Observer;Desmophyllum_VME_Indicator;Stony_coral_garden;Lophelia;-33.178167;17.308
VME_Indicator_Record_Observer;Desmophyllum_VME_Indicator;Stony_coral_garden;Lophelia;-31.078;15.774167
VME_Indicator_Record_Observer;Desmophyllum_VME_Indicator;Stony_coral_garden;Lophelia;-31.105;15.796667
VME_Indicator_Record_Observer;Desmophyllum_VME_Indicator;Stony_coral_garden;Lophelia;-31.211667;16.143333
VME_Indicator_Record_Observer;Desmophyllum_VME_Indicator;Stony_coral_garden;Lophelia;-31.276667;16.043833
VME_Indicator_Record_Observer;Desmophyllum_VME_Indicator;Stony_coral_garden;Lophelia;-31.087;15.796667
VME_Indicator_Record_Observer;Desmophyllum_VME_Indicator;Stony_coral_garden;Lophelia;-31.271833;16.1685
VME_Indicator_Record_Observer;Desmophyllum_VME_Indicator;Stony_coral_garden;Lophelia;-33.095833;16.965
VME_Indicator_Record_Observer;Desmophyllum_VME_Indicator;Stony_coral_garden;Lophelia;-31.1735;15.875
VME_Indicator_Record_Observer;Desmophyllum_VME_Indicator;Stony_coral_garden;Lophelia;-30.846667;16.107
